"timestamp","t_sec","pid","process","dedicated_mib","is_game_match"
"2026-09-20 17:09:22.597","0.01","20584","llama-server","7217.5","False"
"2026-09-20 17:09:22.597","0.01","8292","Client-Win64-Shipping","3442.4","False"
"2026-09-20 17:09:22.597","0.01","1572","dwm","331.7","False"
"2026-09-20 17:09:22.597","0.01","12436","DSH Desktop","220.2","False"
"2026-09-20 17:09:22.597","0.01","22424","chrome","104.9","False"
"2026-09-20 17:09:22.597","0.01","22232","msedgewebview2","93","False"
"2026-09-20 17:09:22.597","0.01","1064","csrss","76.1","False"
"2026-09-20 17:09:22.597","0.01","2044","msedgewebview2","59.7","False"
"2026-09-20 17:09:22.597","0.01","14844","WindowsTerminal","55.3","False"
"2026-09-20 17:09:22.597","0.01","2268","HipsDaemon","45.8","False"
"2026-09-20 17:09:22.597","0.01","6380","explorer","45.8","False"
"2026-09-20 17:09:22.597","0.01","5036","launcher_main","26.6","False"
"2026-09-20 17:09:22.597","0.01","7552","chrome","24.8","False"
"2026-09-20 17:09:22.597","0.01","16592","SearchApp","24","False"
"2026-09-20 17:09:22.597","0.01","13376","TextInputHost","15.3","False"
"2026-09-20 17:09:22.597","0.01","1976","DSH Desktop","10.6","False"
"2026-09-20 17:09:22.597","0.01","13564","chrome","9.7","False"
"2026-09-20 17:09:22.597","0.01","4","System","4","False"
"2026-09-20 17:09:23.846","1.25","20584","llama-server","7217.5","False"
"2026-09-20 17:09:23.846","1.25","8292","Client-Win64-Shipping","3442.4","False"
"2026-09-20 17:09:23.846","1.25","1572","dwm","331.7","False"
"2026-09-20 17:09:23.846","1.25","12436","DSH Desktop","220.2","False"
"2026-09-20 17:09:23.846","1.25","22424","chrome","104.9","False"
"2026-09-20 17:09:23.846","1.25","22232","msedgewebview2","93","False"
"2026-09-20 17:09:23.846","1.25","1064","csrss","76.1","False"
"2026-09-20 17:09:23.846","1.25","2044","msedgewebview2","59.7","False"
"2026-09-20 17:09:23.846","1.25","14844","WindowsTerminal","55.3","False"
"2026-09-20 17:09:23.846","1.25","2268","HipsDaemon","45.8","False"
"2026-09-20 17:09:23.846","1.25","6380","explorer","45.8","False"
"2026-09-20 17:09:23.846","1.25","5036","launcher_main","26.6","False"
"2026-09-20 17:09:23.846","1.25","7552","chrome","24.8","False"
"2026-09-20 17:09:23.846","1.25","16592","SearchApp","24","False"
"2026-09-20 17:09:23.846","1.25","13376","TextInputHost","15.3","False"
"2026-09-20 17:09:23.846","1.25","1976","DSH Desktop","10.6","False"
"2026-09-20 17:09:23.846","1.25","13564","chrome","9.7","False"
"2026-09-20 17:09:23.846","1.25","4","System","4","False"
"2026-09-20 17:09:25.020","2.43","20584","llama-server","7217.5","False"
"2026-09-20 17:09:25.020","2.43","8292","Client-Win64-Shipping","3442.4","False"
"2026-09-20 17:09:25.020","2.43","1572","dwm","331.7","False"
"2026-09-20 17:09:25.020","2.43","12436","DSH Desktop","220.2","False"
"2026-09-20 17:09:25.020","2.43","22424","chrome","104.9","False"
"2026-09-20 17:09:25.020","2.43","22232","msedgewebview2","93","False"
"2026-09-20 17:09:25.020","2.43","1064","csrss","76.1","False"
"2026-09-20 17:09:25.020","2.43","2044","msedgewebview2","59.7","False"
"2026-09-20 17:09:25.020","2.43","14844","WindowsTerminal","55.3","False"
"2026-09-20 17:09:25.020","2.43","2268","HipsDaemon","45.8","False"
"2026-09-20 17:09:25.020","2.43","6380","explorer","45.8","False"
"2026-09-20 17:09:25.020","2.43","5036","launcher_main","26.6","False"
"2026-09-20 17:09:25.020","2.43","7552","chrome","24.8","False"
"2026-09-20 17:09:25.020","2.43","16592","SearchApp","24","False"
"2026-09-20 17:09:25.020","2.43","13376","TextInputHost","15.3","False"
"2026-09-20 17:09:25.020","2.43","1976","DSH Desktop","10.6","False"
"2026-09-20 17:09:25.020","2.43","13564","chrome","9.7","False"
"2026-09-20 17:09:25.020","2.43","4","System","4","False"
"2026-09-20 17:09:26.224","3.63","20584","llama-server","7217.5","False"
"2026-09-20 17:09:26.224","3.63","8292","Client-Win64-Shipping","3442.4","False"
"2026-09-20 17:09:26.224","3.63","1572","dwm","331.7","False"
"2026-09-20 17:09:26.224","3.63","12436","DSH Desktop","220.2","False"
"2026-09-20 17:09:26.224","3.63","22424","chrome","104.9","False"
"2026-09-20 17:09:26.224","3.63","22232","msedgewebview2","93","False"
"2026-09-20 17:09:26.224","3.63","1064","csrss","76.1","False"
"2026-09-20 17:09:26.224","3.63","2044","msedgewebview2","59.7","False"
"2026-09-20 17:09:26.224","3.63","14844","WindowsTerminal","55.3","False"
"2026-09-20 17:09:26.224","3.63","2268","HipsDaemon","45.8","False"
"2026-09-20 17:09:26.224","3.63","6380","explorer","45.8","False"
"2026-09-20 17:09:26.224","3.63","5036","launcher_main","26.6","False"
"2026-09-20 17:09:26.224","3.63","7552","chrome","24.8","False"
"2026-09-20 17:09:26.224","3.63","16592","SearchApp","24","False"
"2026-09-20 17:09:26.224","3.63","13376","TextInputHost","15.3","False"
"2026-09-20 17:09:26.224","3.63","1976","DSH Desktop","10.6","False"
"2026-09-20 17:09:26.224","3.63","13564","chrome","9.7","False"
"2026-09-20 17:09:26.224","3.63","4","System","4","False"
"2026-09-20 17:09:27.404","4.81","20584","llama-server","7217.5","False"
"2026-09-20 17:09:27.404","4.81","8292","Client-Win64-Shipping","3442.4","False"
"2026-09-20 17:09:27.404","4.81","1572","dwm","331.7","False"
"2026-09-20 17:09:27.404","4.81","12436","DSH Desktop","220.2","False"
"2026-09-20 17:09:27.404","4.81","22424","chrome","104.9","False"
"2026-09-20 17:09:27.404","4.81","22232","msedgewebview2","93","False"
"2026-09-20 17:09:27.404","4.81","1064","csrss","76.1","False"
"2026-09-20 17:09:27.404","4.81","2044","msedgewebview2","59.7","False"
"2026-09-20 17:09:27.404","4.81","14844","WindowsTerminal","55.3","False"
"2026-09-20 17:09:27.404","4.81","2268","HipsDaemon","45.8","False"
"2026-09-20 17:09:27.404","4.81","6380","explorer","45.8","False"
"2026-09-20 17:09:27.404","4.81","5036","launcher_main","26.6","False"
"2026-09-20 17:09:27.404","4.81","7552","chrome","24.8","False"
"2026-09-20 17:09:27.404","4.81","16592","SearchApp","24","False"
"2026-09-20 17:09:27.404","4.81","13376","TextInputHost","15.3","False"
"2026-09-20 17:09:27.404","4.81","1976","DSH Desktop","10.6","False"
"2026-09-20 17:09:27.404","4.81","13564","chrome","9.7","False"
"2026-09-20 17:09:27.404","4.81","4","System","4","False"
"2026-09-20 17:09:28.551","5.96","20584","llama-server","7217.5","False"
"2026-09-20 17:09:28.551","5.96","8292","Client-Win64-Shipping","3442.4","False"
"2026-09-20 17:09:28.551","5.96","1572","dwm","331.7","False"
"2026-09-20 17:09:28.551","5.96","12436","DSH Desktop","220.2","False"
"2026-09-20 17:09:28.551","5.96","22424","chrome","104.9","False"
"2026-09-20 17:09:28.551","5.96","22232","msedgewebview2","93","False"
"2026-09-20 17:09:28.551","5.96","1064","csrss","76.1","False"
"2026-09-20 17:09:28.551","5.96","2044","msedgewebview2","59.7","False"
"2026-09-20 17:09:28.551","5.96","14844","WindowsTerminal","55.3","False"
"2026-09-20 17:09:28.551","5.96","2268","HipsDaemon","45.8","False"
"2026-09-20 17:09:28.551","5.96","6380","explorer","45.8","False"
"2026-09-20 17:09:28.551","5.96","5036","launcher_main","26.6","False"
"2026-09-20 17:09:28.551","5.96","7552","chrome","24.8","False"
"2026-09-20 17:09:28.551","5.96","16592","SearchApp","24","False"
"2026-09-20 17:09:28.551","5.96","13376","TextInputHost","15.3","False"
"2026-09-20 17:09:28.551","5.96","1976","DSH Desktop","10.6","False"
"2026-09-20 17:09:28.551","5.96","13564","chrome","9.7","False"
"2026-09-20 17:09:28.551","5.96","4","System","4","False"
"2026-09-20 17:09:29.720","7.13","20584","llama-server","7217.5","False"
"2026-09-20 17:09:29.720","7.13","8292","Client-Win64-Shipping","3442.4","False"
"2026-09-20 17:09:29.720","7.13","1572","dwm","331.7","False"
"2026-09-20 17:09:29.720","7.13","12436","DSH Desktop","220.2","False"
"2026-09-20 17:09:29.720","7.13","22424","chrome","104.9","False"
"2026-09-20 17:09:29.720","7.13","22232","msedgewebview2","93","False"
"2026-09-20 17:09:29.720","7.13","1064","csrss","76.1","False"
"2026-09-20 17:09:29.720","7.13","2044","msedgewebview2","59.7","False"
"2026-09-20 17:09:29.720","7.13","14844","WindowsTerminal","55.3","False"
"2026-09-20 17:09:29.720","7.13","2268","HipsDaemon","45.8","False"
"2026-09-20 17:09:29.720","7.13","6380","explorer","45.8","False"
"2026-09-20 17:09:29.720","7.13","5036","launcher_main","26.6","False"
"2026-09-20 17:09:29.720","7.13","7552","chrome","24.8","False"
"2026-09-20 17:09:29.720","7.13","16592","SearchApp","24","False"
"2026-09-20 17:09:29.720","7.13","13376","TextInputHost","15.3","False"
"2026-09-20 17:09:29.720","7.13","1976","DSH Desktop","10.6","False"
"2026-09-20 17:09:29.720","7.13","13564","chrome","9.7","False"
"2026-09-20 17:09:29.720","7.13","4","System","4","False"
"2026-09-20 17:09:30.867","8.27","20584","llama-server","7217.5","False"
"2026-09-20 17:09:30.867","8.27","8292","Client-Win64-Shipping","3442.4","False"
"2026-09-20 17:09:30.867","8.27","1572","dwm","331.7","False"
"2026-09-20 17:09:30.867","8.27","12436","DSH Desktop","220.2","False"
"2026-09-20 17:09:30.867","8.27","22424","chrome","104.9","False"
"2026-09-20 17:09:30.867","8.27","22232","msedgewebview2","93","False"
"2026-09-20 17:09:30.867","8.27","1064","csrss","76.1","False"
"2026-09-20 17:09:30.867","8.27","2044","msedgewebview2","59.7","False"
"2026-09-20 17:09:30.867","8.27","14844","WindowsTerminal","55.3","False"
"2026-09-20 17:09:30.867","8.27","2268","HipsDaemon","45.8","False"
"2026-09-20 17:09:30.867","8.27","6380","explorer","45.8","False"
"2026-09-20 17:09:30.867","8.27","5036","launcher_main","26.6","False"
"2026-09-20 17:09:30.867","8.27","7552","chrome","24.8","False"
"2026-09-20 17:09:30.867","8.27","16592","SearchApp","24","False"
"2026-09-20 17:09:30.867","8.27","13376","TextInputHost","15.3","False"
"2026-09-20 17:09:30.867","8.27","1976","DSH Desktop","10.6","False"
"2026-09-20 17:09:30.867","8.27","13564","chrome","9.7","False"
"2026-09-20 17:09:30.867","8.27","4","System","4","False"
"2026-09-20 17:09:32.015","9.42","20584","llama-server","7217.5","False"
"2026-09-20 17:09:32.015","9.42","8292","Client-Win64-Shipping","3442.4","False"
"2026-09-20 17:09:32.015","9.42","1572","dwm","330.9","False"
"2026-09-20 17:09:32.015","9.42","12436","DSH Desktop","220.2","False"
"2026-09-20 17:09:32.015","9.42","22424","chrome","104.9","False"
"2026-09-20 17:09:32.015","9.42","22232","msedgewebview2","93","False"
"2026-09-20 17:09:32.015","9.42","1064","csrss","76.1","False"
"2026-09-20 17:09:32.015","9.42","2044","msedgewebview2","59.7","False"
"2026-09-20 17:09:32.015","9.42","14844","WindowsTerminal","55.3","False"
"2026-09-20 17:09:32.015","9.42","2268","HipsDaemon","45.8","False"
"2026-09-20 17:09:32.015","9.42","6380","explorer","45.8","False"
"2026-09-20 17:09:32.015","9.42","5036","launcher_main","26.6","False"
"2026-09-20 17:09:32.015","9.42","7552","chrome","24.8","False"
"2026-09-20 17:09:32.015","9.42","16592","SearchApp","24","False"
"2026-09-20 17:09:32.015","9.42","13376","TextInputHost","15.3","False"
"2026-09-20 17:09:32.015","9.42","1976","DSH Desktop","10.6","False"
"2026-09-20 17:09:32.015","9.42","13564","chrome","9.7","False"
"2026-09-20 17:09:32.015","9.42","4","System","4","False"
"2026-09-20 17:09:33.207","10.61","20584","llama-server","7217.5","False"
"2026-09-20 17:09:33.207","10.61","8292","Client-Win64-Shipping","3442.4","False"
"2026-09-20 17:09:33.207","10.61","1572","dwm","330.9","False"
"2026-09-20 17:09:33.207","10.61","12436","DSH Desktop","220.2","False"
"2026-09-20 17:09:33.207","10.61","22424","chrome","104.9","False"
"2026-09-20 17:09:33.207","10.61","22232","msedgewebview2","93","False"
"2026-09-20 17:09:33.207","10.61","1064","csrss","76.1","False"
"2026-09-20 17:09:33.207","10.61","2044","msedgewebview2","59.7","False"
"2026-09-20 17:09:33.207","10.61","14844","WindowsTerminal","55.3","False"
"2026-09-20 17:09:33.207","10.61","2268","HipsDaemon","45.8","False"
"2026-09-20 17:09:33.207","10.61","6380","explorer","45.8","False"
"2026-09-20 17:09:33.207","10.61","5036","launcher_main","26.6","False"
"2026-09-20 17:09:33.207","10.61","7552","chrome","24.8","False"
"2026-09-20 17:09:33.207","10.61","16592","SearchApp","24","False"
"2026-09-20 17:09:33.207","10.61","13376","TextInputHost","15.3","False"
"2026-09-20 17:09:33.207","10.61","1976","DSH Desktop","10.6","False"
"2026-09-20 17:09:33.207","10.61","13564","chrome","9.7","False"
"2026-09-20 17:09:33.207","10.61","4","System","4","False"
"2026-09-20 17:09:34.413","11.82","20584","llama-server","7217.5","False"
"2026-09-20 17:09:34.413","11.82","8292","Client-Win64-Shipping","3442.4","False"
"2026-09-20 17:09:34.413","11.82","1572","dwm","330.9","False"
"2026-09-20 17:09:34.413","11.82","12436","DSH Desktop","220.2","False"
"2026-09-20 17:09:34.413","11.82","22424","chrome","104.9","False"
"2026-09-20 17:09:34.413","11.82","22232","msedgewebview2","93","False"
"2026-09-20 17:09:34.413","11.82","1064","csrss","76.1","False"
"2026-09-20 17:09:34.413","11.82","2044","msedgewebview2","59.7","False"
"2026-09-20 17:09:34.413","11.82","14844","WindowsTerminal","55.3","False"
"2026-09-20 17:09:34.413","11.82","2268","HipsDaemon","45.8","False"
"2026-09-20 17:09:34.413","11.82","6380","explorer","45.8","False"
"2026-09-20 17:09:34.413","11.82","5036","launcher_main","26.6","False"
"2026-09-20 17:09:34.413","11.82","7552","chrome","24.8","False"
"2026-09-20 17:09:34.413","11.82","16592","SearchApp","24","False"
"2026-09-20 17:09:34.413","11.82","13376","TextInputHost","15.3","False"
"2026-09-20 17:09:34.413","11.82","1976","DSH Desktop","10.6","False"
"2026-09-20 17:09:34.413","11.82","13564","chrome","9.7","False"
"2026-09-20 17:09:34.413","11.82","4","System","4","False"
"2026-09-20 17:09:35.601","13.01","20584","llama-server","7217.5","False"
"2026-09-20 17:09:35.601","13.01","8292","Client-Win64-Shipping","3442.4","False"
"2026-09-20 17:09:35.601","13.01","1572","dwm","345.9","False"
"2026-09-20 17:09:35.601","13.01","12436","DSH Desktop","220.2","False"
"2026-09-20 17:09:35.601","13.01","22424","chrome","104.9","False"
"2026-09-20 17:09:35.601","13.01","22232","msedgewebview2","93","False"
"2026-09-20 17:09:35.601","13.01","1064","csrss","76.1","False"
"2026-09-20 17:09:35.601","13.01","2044","msedgewebview2","59.7","False"
"2026-09-20 17:09:35.601","13.01","14844","WindowsTerminal","55.3","False"
"2026-09-20 17:09:35.601","13.01","2268","HipsDaemon","45.8","False"
"2026-09-20 17:09:35.601","13.01","6380","explorer","45.8","False"
"2026-09-20 17:09:35.601","13.01","5036","launcher_main","26.6","False"
"2026-09-20 17:09:35.601","13.01","7552","chrome","24.8","False"
"2026-09-20 17:09:35.601","13.01","16592","SearchApp","24","False"
"2026-09-20 17:09:35.601","13.01","13376","TextInputHost","15.3","False"
"2026-09-20 17:09:35.601","13.01","1976","DSH Desktop","10.6","False"
"2026-09-20 17:09:35.601","13.01","13564","chrome","9.7","False"
"2026-09-20 17:09:35.601","13.01","4","System","4","False"
"2026-09-20 17:09:36.790","14.2","20584","llama-server","7217.5","False"
"2026-09-20 17:09:36.790","14.2","8292","Client-Win64-Shipping","3442.4","False"
"2026-09-20 17:09:36.790","14.2","1572","dwm","345.9","False"
"2026-09-20 17:09:36.790","14.2","12436","DSH Desktop","220.2","False"
"2026-09-20 17:09:36.790","14.2","22424","chrome","104.9","False"
"2026-09-20 17:09:36.790","14.2","22232","msedgewebview2","93","False"
"2026-09-20 17:09:36.790","14.2","1064","csrss","76.1","False"
"2026-09-20 17:09:36.790","14.2","2044","msedgewebview2","59.7","False"
"2026-09-20 17:09:36.790","14.2","14844","WindowsTerminal","55.3","False"
"2026-09-20 17:09:36.790","14.2","2268","HipsDaemon","45.8","False"
"2026-09-20 17:09:36.790","14.2","6380","explorer","45.8","False"
"2026-09-20 17:09:36.790","14.2","5036","launcher_main","26.6","False"
"2026-09-20 17:09:36.790","14.2","7552","chrome","24.8","False"
"2026-09-20 17:09:36.790","14.2","16592","SearchApp","24","False"
"2026-09-20 17:09:36.790","14.2","13376","TextInputHost","15.3","False"
"2026-09-20 17:09:36.790","14.2","1976","DSH Desktop","10.6","False"
"2026-09-20 17:09:36.790","14.2","13564","chrome","9.7","False"
"2026-09-20 17:09:36.790","14.2","4","System","4","False"
"2026-09-20 17:09:38.013","15.42","20584","llama-server","7217.5","False"
"2026-09-20 17:09:38.013","15.42","8292","Client-Win64-Shipping","3442.4","False"
"2026-09-20 17:09:38.013","15.42","1572","dwm","345.9","False"
"2026-09-20 17:09:38.013","15.42","12436","DSH Desktop","220.2","False"
"2026-09-20 17:09:38.013","15.42","22424","chrome","104.9","False"
"2026-09-20 17:09:38.013","15.42","22232","msedgewebview2","93","False"
"2026-09-20 17:09:38.013","15.42","1064","csrss","76.1","False"
"2026-09-20 17:09:38.013","15.42","2044","msedgewebview2","59.7","False"
"2026-09-20 17:09:38.013","15.42","14844","WindowsTerminal","55.3","False"
"2026-09-20 17:09:38.013","15.42","2268","HipsDaemon","45.8","False"
"2026-09-20 17:09:38.013","15.42","6380","explorer","45.8","False"
"2026-09-20 17:09:38.013","15.42","5036","launcher_main","26.6","False"
"2026-09-20 17:09:38.013","15.42","7552","chrome","24.8","False"
"2026-09-20 17:09:38.013","15.42","16592","SearchApp","24","False"
"2026-09-20 17:09:38.013","15.42","13376","TextInputHost","15.3","False"
"2026-09-20 17:09:38.013","15.42","1976","DSH Desktop","10.6","False"
"2026-09-20 17:09:38.013","15.42","13564","chrome","9.7","False"
"2026-09-20 17:09:38.013","15.42","4","System","4","False"
"2026-09-20 17:09:39.215","16.62","20584","llama-server","7217.5","False"
"2026-09-20 17:09:39.215","16.62","8292","Client-Win64-Shipping","3442.4","False"
"2026-09-20 17:09:39.215","16.62","1572","dwm","345.9","False"
"2026-09-20 17:09:39.215","16.62","12436","DSH Desktop","220.2","False"
"2026-09-20 17:09:39.215","16.62","22424","chrome","104.9","False"
"2026-09-20 17:09:39.215","16.62","22232","msedgewebview2","93","False"
"2026-09-20 17:09:39.215","16.62","1064","csrss","76.1","False"
"2026-09-20 17:09:39.215","16.62","2044","msedgewebview2","59.7","False"
"2026-09-20 17:09:39.215","16.62","14844","WindowsTerminal","55.3","False"
"2026-09-20 17:09:39.215","16.62","2268","HipsDaemon","45.8","False"
"2026-09-20 17:09:39.215","16.62","6380","explorer","45.8","False"
"2026-09-20 17:09:39.215","16.62","5036","launcher_main","26.6","False"
"2026-09-20 17:09:39.215","16.62","7552","chrome","24.8","False"
"2026-09-20 17:09:39.215","16.62","16592","SearchApp","24","False"
"2026-09-20 17:09:39.215","16.62","13376","TextInputHost","15.3","False"
"2026-09-20 17:09:39.215","16.62","1976","DSH Desktop","10.6","False"
"2026-09-20 17:09:39.215","16.62","13564","chrome","9.7","False"
"2026-09-20 17:09:39.215","16.62","4","System","4","False"
"2026-09-20 17:09:40.420","17.83","20584","llama-server","7217.5","False"
"2026-09-20 17:09:40.420","17.83","8292","Client-Win64-Shipping","3442.4","False"
"2026-09-20 17:09:40.420","17.83","1572","dwm","345.9","False"
"2026-09-20 17:09:40.420","17.83","12436","DSH Desktop","220.2","False"
"2026-09-20 17:09:40.420","17.83","22424","chrome","104.9","False"
"2026-09-20 17:09:40.420","17.83","22232","msedgewebview2","93","False"
"2026-09-20 17:09:40.420","17.83","1064","csrss","76.1","False"
"2026-09-20 17:09:40.420","17.83","2044","msedgewebview2","59.7","False"
"2026-09-20 17:09:40.420","17.83","14844","WindowsTerminal","55.3","False"
"2026-09-20 17:09:40.420","17.83","2268","HipsDaemon","45.8","False"
"2026-09-20 17:09:40.420","17.83","6380","explorer","45.8","False"
"2026-09-20 17:09:40.420","17.83","5036","launcher_main","26.6","False"
"2026-09-20 17:09:40.420","17.83","7552","chrome","24.8","False"
"2026-09-20 17:09:40.420","17.83","16592","SearchApp","24","False"
"2026-09-20 17:09:40.420","17.83","13376","TextInputHost","15.3","False"
"2026-09-20 17:09:40.420","17.83","1976","DSH Desktop","10.6","False"
"2026-09-20 17:09:40.420","17.83","13564","chrome","9.7","False"
"2026-09-20 17:09:40.420","17.83","4","System","4","False"
"2026-09-20 17:09:41.661","19.07","20584","llama-server","7217.5","False"
"2026-09-20 17:09:41.661","19.07","8292","Client-Win64-Shipping","3442.4","False"
"2026-09-20 17:09:41.661","19.07","1572","dwm","345.9","False"
"2026-09-20 17:09:41.661","19.07","12436","DSH Desktop","220.2","False"
"2026-09-20 17:09:41.661","19.07","22424","chrome","104.9","False"
"2026-09-20 17:09:41.661","19.07","22232","msedgewebview2","93","False"
"2026-09-20 17:09:41.661","19.07","1064","csrss","76.1","False"
"2026-09-20 17:09:41.661","19.07","2044","msedgewebview2","59.7","False"
"2026-09-20 17:09:41.661","19.07","14844","WindowsTerminal","55.3","False"
"2026-09-20 17:09:41.661","19.07","2268","HipsDaemon","45.8","False"
"2026-09-20 17:09:41.661","19.07","6380","explorer","45.8","False"
"2026-09-20 17:09:41.661","19.07","5036","launcher_main","26.6","False"
"2026-09-20 17:09:41.661","19.07","7552","chrome","24.8","False"
"2026-09-20 17:09:41.661","19.07","16592","SearchApp","24","False"
"2026-09-20 17:09:41.661","19.07","13376","TextInputHost","15.3","False"
"2026-09-20 17:09:41.661","19.07","1976","DSH Desktop","10.6","False"
"2026-09-20 17:09:41.661","19.07","13564","chrome","9.7","False"
"2026-09-20 17:09:41.661","19.07","4","System","4","False"
"2026-09-20 17:09:42.880","20.29","20584","llama-server","7217.5","False"
"2026-09-20 17:09:42.880","20.29","8292","Client-Win64-Shipping","3442.4","False"
"2026-09-20 17:09:42.880","20.29","1572","dwm","345.9","False"
"2026-09-20 17:09:42.880","20.29","12436","DSH Desktop","220.2","False"
"2026-09-20 17:09:42.880","20.29","22424","chrome","104.9","False"
"2026-09-20 17:09:42.880","20.29","22232","msedgewebview2","93","False"
"2026-09-20 17:09:42.880","20.29","1064","csrss","76.1","False"
"2026-09-20 17:09:42.880","20.29","2044","msedgewebview2","59.7","False"
"2026-09-20 17:09:42.880","20.29","14844","WindowsTerminal","55.3","False"
"2026-09-20 17:09:42.880","20.29","2268","HipsDaemon","45.8","False"
"2026-09-20 17:09:42.880","20.29","6380","explorer","45.8","False"
"2026-09-20 17:09:42.880","20.29","5036","launcher_main","26.6","False"
"2026-09-20 17:09:42.880","20.29","7552","chrome","24.8","False"
"2026-09-20 17:09:42.880","20.29","16592","SearchApp","24","False"
"2026-09-20 17:09:42.880","20.29","13376","TextInputHost","15.3","False"
"2026-09-20 17:09:42.880","20.29","1976","DSH Desktop","10.6","False"
"2026-09-20 17:09:42.880","20.29","13564","chrome","9.7","False"
"2026-09-20 17:09:42.880","20.29","4","System","4","False"
"2026-09-20 17:09:44.039","21.45","20584","llama-server","7217.5","False"
"2026-09-20 17:09:44.039","21.45","8292","Client-Win64-Shipping","3442.4","False"
"2026-09-20 17:09:44.039","21.45","1572","dwm","345.9","False"
"2026-09-20 17:09:44.039","21.45","12436","DSH Desktop","220.2","False"
"2026-09-20 17:09:44.039","21.45","22424","chrome","104.9","False"
"2026-09-20 17:09:44.039","21.45","22232","msedgewebview2","93","False"
"2026-09-20 17:09:44.039","21.45","1064","csrss","76.1","False"
"2026-09-20 17:09:44.039","21.45","2044","msedgewebview2","59.7","False"
"2026-09-20 17:09:44.039","21.45","14844","WindowsTerminal","55.2","False"
"2026-09-20 17:09:44.039","21.45","2268","HipsDaemon","45.8","False"
"2026-09-20 17:09:44.039","21.45","6380","explorer","45.8","False"
"2026-09-20 17:09:44.039","21.45","5036","launcher_main","26.6","False"
"2026-09-20 17:09:44.039","21.45","7552","chrome","24.7","False"
"2026-09-20 17:09:44.039","21.45","16592","SearchApp","24","False"
"2026-09-20 17:09:44.039","21.45","13376","TextInputHost","15.3","False"
"2026-09-20 17:09:44.039","21.45","1976","DSH Desktop","10.6","False"
"2026-09-20 17:09:44.039","21.45","13564","chrome","9.7","False"
"2026-09-20 17:09:44.039","21.45","4","System","4","False"
"2026-09-20 17:09:45.264","22.67","20584","llama-server","7217.5","False"
"2026-09-20 17:09:45.264","22.67","8292","Client-Win64-Shipping","3457.7","False"
"2026-09-20 17:09:45.264","22.67","1572","dwm","345.9","False"
"2026-09-20 17:09:45.264","22.67","12436","DSH Desktop","220.2","False"
"2026-09-20 17:09:45.264","22.67","22424","chrome","104.9","False"
"2026-09-20 17:09:45.264","22.67","22232","msedgewebview2","93","False"
"2026-09-20 17:09:45.264","22.67","1064","csrss","76.1","False"
"2026-09-20 17:09:45.264","22.67","2044","msedgewebview2","59.7","False"
"2026-09-20 17:09:45.264","22.67","14844","WindowsTerminal","55.2","False"
"2026-09-20 17:09:45.264","22.67","2268","HipsDaemon","45.8","False"
"2026-09-20 17:09:45.264","22.67","6380","explorer","45.8","False"
"2026-09-20 17:09:45.264","22.67","5036","launcher_main","26.6","False"
"2026-09-20 17:09:45.264","22.67","7552","chrome","24.8","False"
"2026-09-20 17:09:45.264","22.67","16592","SearchApp","24","False"
"2026-09-20 17:09:45.264","22.67","13376","TextInputHost","15.3","False"
"2026-09-20 17:09:45.264","22.67","1976","DSH Desktop","10.6","False"
"2026-09-20 17:09:45.264","22.67","13564","chrome","9.7","False"
"2026-09-20 17:09:45.264","22.67","4","System","4","False"
"2026-09-20 17:09:46.466","23.87","20584","llama-server","7217.5","False"
"2026-09-20 17:09:46.466","23.87","8292","Client-Win64-Shipping","3442.4","False"
"2026-09-20 17:09:46.466","23.87","1572","dwm","345.9","False"
"2026-09-20 17:09:46.466","23.87","12436","DSH Desktop","220.2","False"
"2026-09-20 17:09:46.466","23.87","22424","chrome","104.9","False"
"2026-09-20 17:09:46.466","23.87","22232","msedgewebview2","93","False"
"2026-09-20 17:09:46.466","23.87","1064","csrss","76.1","False"
"2026-09-20 17:09:46.466","23.87","2044","msedgewebview2","59.7","False"
"2026-09-20 17:09:46.466","23.87","14844","WindowsTerminal","55.2","False"
"2026-09-20 17:09:46.466","23.87","2268","HipsDaemon","45.8","False"
"2026-09-20 17:09:46.466","23.87","6380","explorer","45.8","False"
"2026-09-20 17:09:46.466","23.87","5036","launcher_main","26.6","False"
"2026-09-20 17:09:46.466","23.87","7552","chrome","24.8","False"
"2026-09-20 17:09:46.466","23.87","16592","SearchApp","24","False"
"2026-09-20 17:09:46.466","23.87","13376","TextInputHost","15.3","False"
"2026-09-20 17:09:46.466","23.87","1976","DSH Desktop","10.6","False"
"2026-09-20 17:09:46.466","23.87","13564","chrome","9.7","False"
"2026-09-20 17:09:46.466","23.87","4","System","4","False"
"2026-09-20 17:09:47.634","25.04","20584","llama-server","7217.5","False"
"2026-09-20 17:09:47.634","25.04","8292","Client-Win64-Shipping","3442.4","False"
"2026-09-20 17:09:47.634","25.04","1572","dwm","345.9","False"
"2026-09-20 17:09:47.634","25.04","12436","DSH Desktop","220.2","False"
"2026-09-20 17:09:47.634","25.04","22424","chrome","104.9","False"
"2026-09-20 17:09:47.634","25.04","22232","msedgewebview2","93","False"
"2026-09-20 17:09:47.634","25.04","1064","csrss","76.1","False"
"2026-09-20 17:09:47.634","25.04","2044","msedgewebview2","59.7","False"
"2026-09-20 17:09:47.634","25.04","14844","WindowsTerminal","55.2","False"
"2026-09-20 17:09:47.634","25.04","2268","HipsDaemon","45.8","False"
"2026-09-20 17:09:47.634","25.04","6380","explorer","45.8","False"
"2026-09-20 17:09:47.634","25.04","5036","launcher_main","26.6","False"
"2026-09-20 17:09:47.634","25.04","7552","chrome","24.8","False"
"2026-09-20 17:09:47.634","25.04","16592","SearchApp","24","False"
"2026-09-20 17:09:47.634","25.04","13376","TextInputHost","15.3","False"
"2026-09-20 17:09:47.634","25.04","1976","DSH Desktop","10.6","False"
"2026-09-20 17:09:47.634","25.04","13564","chrome","9.7","False"
"2026-09-20 17:09:47.634","25.04","4","System","4","False"
"2026-09-20 17:09:48.802","26.21","20584","llama-server","7217.5","False"
"2026-09-20 17:09:48.802","26.21","8292","Client-Win64-Shipping","3442.4","False"
"2026-09-20 17:09:48.802","26.21","1572","dwm","345.9","False"
"2026-09-20 17:09:48.802","26.21","12436","DSH Desktop","220.2","False"
"2026-09-20 17:09:48.802","26.21","22424","chrome","104.9","False"
"2026-09-20 17:09:48.802","26.21","22232","msedgewebview2","93","False"
"2026-09-20 17:09:48.802","26.21","1064","csrss","76.1","False"
"2026-09-20 17:09:48.802","26.21","2044","msedgewebview2","59.7","False"
"2026-09-20 17:09:48.802","26.21","14844","WindowsTerminal","55.2","False"
"2026-09-20 17:09:48.802","26.21","2268","HipsDaemon","45.8","False"
"2026-09-20 17:09:48.802","26.21","6380","explorer","45.8","False"
"2026-09-20 17:09:48.802","26.21","5036","launcher_main","26.6","False"
"2026-09-20 17:09:48.802","26.21","7552","chrome","24.8","False"
"2026-09-20 17:09:48.802","26.21","16592","SearchApp","24","False"
"2026-09-20 17:09:48.802","26.21","13376","TextInputHost","15.3","False"
"2026-09-20 17:09:48.802","26.21","1976","DSH Desktop","10.6","False"
"2026-09-20 17:09:48.802","26.21","13564","chrome","9.7","False"
"2026-09-20 17:09:48.802","26.21","4","System","4","False"
"2026-09-20 17:09:49.966","27.37","20584","llama-server","7217.5","False"
"2026-09-20 17:09:49.966","27.37","8292","Client-Win64-Shipping","3442.4","False"
"2026-09-20 17:09:49.966","27.37","1572","dwm","345.9","False"
"2026-09-20 17:09:49.966","27.37","12436","DSH Desktop","220.2","False"
"2026-09-20 17:09:49.966","27.37","22424","chrome","104.9","False"
"2026-09-20 17:09:49.966","27.37","22232","msedgewebview2","93","False"
"2026-09-20 17:09:49.966","27.37","1064","csrss","76.1","False"
"2026-09-20 17:09:49.966","27.37","2044","msedgewebview2","59.7","False"
"2026-09-20 17:09:49.966","27.37","14844","WindowsTerminal","55.2","False"
"2026-09-20 17:09:49.966","27.37","2268","HipsDaemon","45.8","False"
"2026-09-20 17:09:49.966","27.37","6380","explorer","45.8","False"
"2026-09-20 17:09:49.966","27.37","5036","launcher_main","26.6","False"
"2026-09-20 17:09:49.966","27.37","7552","chrome","24.8","False"
"2026-09-20 17:09:49.966","27.37","16592","SearchApp","24","False"
"2026-09-20 17:09:49.966","27.37","13376","TextInputHost","15.3","False"
"2026-09-20 17:09:49.966","27.37","1976","DSH Desktop","10.6","False"
"2026-09-20 17:09:49.966","27.37","13564","chrome","9.7","False"
"2026-09-20 17:09:49.966","27.37","4","System","4","False"
"2026-09-20 17:09:51.162","28.57","20584","llama-server","7217.5","False"
"2026-09-20 17:09:51.162","28.57","8292","Client-Win64-Shipping","3442.4","False"
"2026-09-20 17:09:51.162","28.57","1572","dwm","345.9","False"
"2026-09-20 17:09:51.162","28.57","12436","DSH Desktop","220.2","False"
"2026-09-20 17:09:51.162","28.57","22424","chrome","104.9","False"
"2026-09-20 17:09:51.162","28.57","22232","msedgewebview2","93","False"
"2026-09-20 17:09:51.162","28.57","1064","csrss","76.1","False"
"2026-09-20 17:09:51.162","28.57","2044","msedgewebview2","59.7","False"
"2026-09-20 17:09:51.162","28.57","14844","WindowsTerminal","55.2","False"
"2026-09-20 17:09:51.162","28.57","2268","HipsDaemon","45.8","False"
"2026-09-20 17:09:51.162","28.57","6380","explorer","45.8","False"
"2026-09-20 17:09:51.162","28.57","5036","launcher_main","26.6","False"
"2026-09-20 17:09:51.162","28.57","7552","chrome","24.8","False"
"2026-09-20 17:09:51.162","28.57","16592","SearchApp","24","False"
"2026-09-20 17:09:51.162","28.57","13376","TextInputHost","15.3","False"
"2026-09-20 17:09:51.162","28.57","1976","DSH Desktop","10.6","False"
"2026-09-20 17:09:51.162","28.57","13564","chrome","9.7","False"
"2026-09-20 17:09:51.162","28.57","4","System","4","False"
"2026-09-20 17:09:52.368","29.78","20584","llama-server","7217.5","False"
"2026-09-20 17:09:52.368","29.78","8292","Client-Win64-Shipping","3442.4","False"
"2026-09-20 17:09:52.368","29.78","1572","dwm","345.9","False"
"2026-09-20 17:09:52.368","29.78","12436","DSH Desktop","220.2","False"
"2026-09-20 17:09:52.368","29.78","22424","chrome","104.9","False"
"2026-09-20 17:09:52.368","29.78","22232","msedgewebview2","93","False"
"2026-09-20 17:09:52.368","29.78","1064","csrss","76.1","False"
"2026-09-20 17:09:52.368","29.78","2044","msedgewebview2","59.7","False"
"2026-09-20 17:09:52.368","29.78","14844","WindowsTerminal","55.2","False"
"2026-09-20 17:09:52.368","29.78","2268","HipsDaemon","45.8","False"
"2026-09-20 17:09:52.368","29.78","6380","explorer","45.8","False"
"2026-09-20 17:09:52.368","29.78","5036","launcher_main","26.6","False"
"2026-09-20 17:09:52.368","29.78","7552","chrome","24.8","False"
"2026-09-20 17:09:52.368","29.78","16592","SearchApp","24","False"
"2026-09-20 17:09:52.368","29.78","13376","TextInputHost","15.3","False"
"2026-09-20 17:09:52.368","29.78","1976","DSH Desktop","10.6","False"
"2026-09-20 17:09:52.368","29.78","13564","chrome","9.7","False"
"2026-09-20 17:09:52.368","29.78","4","System","4","False"
"2026-09-20 17:09:53.552","30.96","20584","llama-server","7217.5","False"
"2026-09-20 17:09:53.552","30.96","8292","Client-Win64-Shipping","3442.4","False"
"2026-09-20 17:09:53.552","30.96","1572","dwm","345.9","False"
"2026-09-20 17:09:53.552","30.96","12436","DSH Desktop","220.2","False"
"2026-09-20 17:09:53.552","30.96","22424","chrome","104.9","False"
"2026-09-20 17:09:53.552","30.96","22232","msedgewebview2","93","False"
"2026-09-20 17:09:53.552","30.96","1064","csrss","76.1","False"
"2026-09-20 17:09:53.552","30.96","2044","msedgewebview2","59.7","False"
"2026-09-20 17:09:53.552","30.96","14844","WindowsTerminal","55.2","False"
"2026-09-20 17:09:53.552","30.96","2268","HipsDaemon","45.8","False"
"2026-09-20 17:09:53.552","30.96","6380","explorer","45.8","False"
"2026-09-20 17:09:53.552","30.96","5036","launcher_main","26.6","False"
"2026-09-20 17:09:53.552","30.96","7552","chrome","24.8","False"
"2026-09-20 17:09:53.552","30.96","16592","SearchApp","24","False"
"2026-09-20 17:09:53.552","30.96","13376","TextInputHost","15.3","False"
"2026-09-20 17:09:53.552","30.96","1976","DSH Desktop","10.6","False"
"2026-09-20 17:09:53.552","30.96","13564","chrome","9.7","False"
"2026-09-20 17:09:53.552","30.96","4","System","4","False"
"2026-09-20 17:09:54.753","32.16","20584","llama-server","7217.5","False"
"2026-09-20 17:09:54.753","32.16","8292","Client-Win64-Shipping","3442.4","False"
"2026-09-20 17:09:54.753","32.16","1572","dwm","345.9","False"
"2026-09-20 17:09:54.753","32.16","12436","DSH Desktop","220.2","False"
"2026-09-20 17:09:54.753","32.16","22424","chrome","104.9","False"
"2026-09-20 17:09:54.753","32.16","22232","msedgewebview2","93","False"
"2026-09-20 17:09:54.753","32.16","1064","csrss","76.1","False"
"2026-09-20 17:09:54.753","32.16","2044","msedgewebview2","59.7","False"
"2026-09-20 17:09:54.753","32.16","14844","WindowsTerminal","55.2","False"
"2026-09-20 17:09:54.753","32.16","2268","HipsDaemon","45.8","False"
"2026-09-20 17:09:54.753","32.16","6380","explorer","45.8","False"
"2026-09-20 17:09:54.753","32.16","5036","launcher_main","26.6","False"
"2026-09-20 17:09:54.753","32.16","7552","chrome","24.8","False"
"2026-09-20 17:09:54.753","32.16","16592","SearchApp","24","False"
"2026-09-20 17:09:54.753","32.16","13376","TextInputHost","15.3","False"
"2026-09-20 17:09:54.753","32.16","1976","DSH Desktop","10.6","False"
"2026-09-20 17:09:54.753","32.16","13564","chrome","9.7","False"
"2026-09-20 17:09:54.753","32.16","4","System","4","False"
"2026-09-20 17:09:55.921","33.33","20584","llama-server","7217.5","False"
"2026-09-20 17:09:55.921","33.33","8292","Client-Win64-Shipping","3442.4","False"
"2026-09-20 17:09:55.921","33.33","1572","dwm","345.9","False"
"2026-09-20 17:09:55.921","33.33","12436","DSH Desktop","220.2","False"
"2026-09-20 17:09:55.921","33.33","22424","chrome","104.9","False"
"2026-09-20 17:09:55.921","33.33","22232","msedgewebview2","93","False"
"2026-09-20 17:09:55.921","33.33","1064","csrss","76.1","False"
"2026-09-20 17:09:55.921","33.33","2044","msedgewebview2","59.7","False"
"2026-09-20 17:09:55.921","33.33","14844","WindowsTerminal","55.2","False"
"2026-09-20 17:09:55.921","33.33","2268","HipsDaemon","45.8","False"
"2026-09-20 17:09:55.921","33.33","6380","explorer","45.8","False"
"2026-09-20 17:09:55.921","33.33","5036","launcher_main","26.6","False"
"2026-09-20 17:09:55.921","33.33","7552","chrome","24.8","False"
"2026-09-20 17:09:55.921","33.33","16592","SearchApp","24","False"
"2026-09-20 17:09:55.921","33.33","13376","TextInputHost","15.3","False"
"2026-09-20 17:09:55.921","33.33","1976","DSH Desktop","10.6","False"
"2026-09-20 17:09:55.921","33.33","13564","chrome","9.7","False"
"2026-09-20 17:09:55.921","33.33","4","System","4","False"
"2026-09-20 17:09:57.104","34.51","20584","llama-server","7217.5","False"
"2026-09-20 17:09:57.104","34.51","8292","Client-Win64-Shipping","3442.4","False"
"2026-09-20 17:09:57.104","34.51","1572","dwm","345.9","False"
"2026-09-20 17:09:57.104","34.51","12436","DSH Desktop","220.2","False"
"2026-09-20 17:09:57.104","34.51","22424","chrome","104.9","False"
"2026-09-20 17:09:57.104","34.51","22232","msedgewebview2","93","False"
"2026-09-20 17:09:57.104","34.51","1064","csrss","76.1","False"
"2026-09-20 17:09:57.104","34.51","2044","msedgewebview2","59.7","False"
"2026-09-20 17:09:57.104","34.51","14844","WindowsTerminal","55.2","False"
"2026-09-20 17:09:57.104","34.51","2268","HipsDaemon","45.8","False"
"2026-09-20 17:09:57.104","34.51","6380","explorer","45.8","False"
"2026-09-20 17:09:57.104","34.51","5036","launcher_main","26.6","False"
"2026-09-20 17:09:57.104","34.51","7552","chrome","24.8","False"
"2026-09-20 17:09:57.104","34.51","16592","SearchApp","24","False"
"2026-09-20 17:09:57.104","34.51","13376","TextInputHost","15.3","False"
"2026-09-20 17:09:57.104","34.51","1976","DSH Desktop","10.6","False"
"2026-09-20 17:09:57.104","34.51","13564","chrome","9.7","False"
"2026-09-20 17:09:57.104","34.51","4","System","4","False"
"2026-09-20 17:09:58.326","35.73","20584","llama-server","7217.5","False"
"2026-09-20 17:09:58.326","35.73","8292","Client-Win64-Shipping","3442.4","False"
"2026-09-20 17:09:58.326","35.73","1572","dwm","345.9","False"
"2026-09-20 17:09:58.326","35.73","12436","DSH Desktop","220.2","False"
"2026-09-20 17:09:58.326","35.73","22424","chrome","104.9","False"
"2026-09-20 17:09:58.326","35.73","22232","msedgewebview2","93","False"
"2026-09-20 17:09:58.326","35.73","1064","csrss","76.1","False"
"2026-09-20 17:09:58.326","35.73","2044","msedgewebview2","59.7","False"
"2026-09-20 17:09:58.326","35.73","14844","WindowsTerminal","55.2","False"
"2026-09-20 17:09:58.326","35.73","2268","HipsDaemon","45.8","False"
"2026-09-20 17:09:58.326","35.73","6380","explorer","45.8","False"
"2026-09-20 17:09:58.326","35.73","5036","launcher_main","26.6","False"
"2026-09-20 17:09:58.326","35.73","7552","chrome","24.8","False"
"2026-09-20 17:09:58.326","35.73","16592","SearchApp","24","False"
"2026-09-20 17:09:58.326","35.73","13376","TextInputHost","15.3","False"
"2026-09-20 17:09:58.326","35.73","1976","DSH Desktop","10.6","False"
"2026-09-20 17:09:58.326","35.73","13564","chrome","9.7","False"
"2026-09-20 17:09:58.326","35.73","4","System","4","False"
"2026-09-20 17:09:59.529","36.94","20584","llama-server","7217.5","False"
"2026-09-20 17:09:59.529","36.94","8292","Client-Win64-Shipping","3442.4","False"
"2026-09-20 17:09:59.529","36.94","1572","dwm","345.9","False"
"2026-09-20 17:09:59.529","36.94","12436","DSH Desktop","220.2","False"
"2026-09-20 17:09:59.529","36.94","22424","chrome","104.9","False"
"2026-09-20 17:09:59.529","36.94","22232","msedgewebview2","93","False"
"2026-09-20 17:09:59.529","36.94","1064","csrss","76.1","False"
"2026-09-20 17:09:59.529","36.94","2044","msedgewebview2","59.7","False"
"2026-09-20 17:09:59.529","36.94","14844","WindowsTerminal","55.2","False"
"2026-09-20 17:09:59.529","36.94","2268","HipsDaemon","45.8","False"
"2026-09-20 17:09:59.529","36.94","6380","explorer","45.8","False"
"2026-09-20 17:09:59.529","36.94","5036","launcher_main","26.6","False"
"2026-09-20 17:09:59.529","36.94","7552","chrome","24.8","False"
"2026-09-20 17:09:59.529","36.94","16592","SearchApp","24","False"
"2026-09-20 17:09:59.529","36.94","13376","TextInputHost","15.3","False"
"2026-09-20 17:09:59.529","36.94","1976","DSH Desktop","10.6","False"
"2026-09-20 17:09:59.529","36.94","13564","chrome","9.7","False"
"2026-09-20 17:09:59.529","36.94","4","System","4","False"
"2026-09-20 17:10:00.707","38.11","20584","llama-server","7217.5","False"
"2026-09-20 17:10:00.707","38.11","8292","Client-Win64-Shipping","3442.4","False"
"2026-09-20 17:10:00.707","38.11","1572","dwm","345.9","False"
"2026-09-20 17:10:00.707","38.11","12436","DSH Desktop","220.2","False"
"2026-09-20 17:10:00.707","38.11","22424","chrome","104.9","False"
"2026-09-20 17:10:00.707","38.11","22232","msedgewebview2","93","False"
"2026-09-20 17:10:00.707","38.11","1064","csrss","76.1","False"
"2026-09-20 17:10:00.707","38.11","2044","msedgewebview2","59.7","False"
"2026-09-20 17:10:00.707","38.11","14844","WindowsTerminal","55.2","False"
"2026-09-20 17:10:00.707","38.11","2268","HipsDaemon","45.8","False"
"2026-09-20 17:10:00.707","38.11","6380","explorer","45.8","False"
"2026-09-20 17:10:00.707","38.11","5036","launcher_main","26.6","False"
"2026-09-20 17:10:00.707","38.11","7552","chrome","24.8","False"
"2026-09-20 17:10:00.707","38.11","16592","SearchApp","24","False"
"2026-09-20 17:10:00.707","38.11","13376","TextInputHost","15.3","False"
"2026-09-20 17:10:00.707","38.11","1976","DSH Desktop","10.6","False"
"2026-09-20 17:10:00.707","38.11","13564","chrome","9.7","False"
"2026-09-20 17:10:00.707","38.11","4","System","4","False"
"2026-09-20 17:10:01.924","39.33","20584","llama-server","7217.5","False"
"2026-09-20 17:10:01.924","39.33","8292","Client-Win64-Shipping","3442.4","False"
"2026-09-20 17:10:01.924","39.33","1572","dwm","345.9","False"
"2026-09-20 17:10:01.924","39.33","12436","DSH Desktop","220.2","False"
"2026-09-20 17:10:01.924","39.33","22424","chrome","104.9","False"
"2026-09-20 17:10:01.924","39.33","22232","msedgewebview2","93","False"
"2026-09-20 17:10:01.924","39.33","1064","csrss","76.1","False"
"2026-09-20 17:10:01.924","39.33","2044","msedgewebview2","59.7","False"
"2026-09-20 17:10:01.924","39.33","14844","WindowsTerminal","55.2","False"
"2026-09-20 17:10:01.924","39.33","2268","HipsDaemon","45.8","False"
"2026-09-20 17:10:01.924","39.33","6380","explorer","45.8","False"
"2026-09-20 17:10:01.924","39.33","5036","launcher_main","26.6","False"
"2026-09-20 17:10:01.924","39.33","7552","chrome","24.8","False"
"2026-09-20 17:10:01.924","39.33","16592","SearchApp","24","False"
"2026-09-20 17:10:01.924","39.33","13376","TextInputHost","15.3","False"
"2026-09-20 17:10:01.924","39.33","1976","DSH Desktop","10.6","False"
"2026-09-20 17:10:01.924","39.33","13564","chrome","9.7","False"
"2026-09-20 17:10:01.924","39.33","4","System","4","False"
"2026-09-20 17:10:03.120","40.53","20584","llama-server","7217.5","False"
"2026-09-20 17:10:03.120","40.53","8292","Client-Win64-Shipping","3442.4","False"
"2026-09-20 17:10:03.120","40.53","1572","dwm","345.9","False"
"2026-09-20 17:10:03.120","40.53","12436","DSH Desktop","220.2","False"
"2026-09-20 17:10:03.120","40.53","22424","chrome","104.9","False"
"2026-09-20 17:10:03.120","40.53","22232","msedgewebview2","93","False"
"2026-09-20 17:10:03.120","40.53","1064","csrss","76.1","False"
"2026-09-20 17:10:03.120","40.53","2044","msedgewebview2","59.7","False"
"2026-09-20 17:10:03.120","40.53","14844","WindowsTerminal","55.2","False"
"2026-09-20 17:10:03.120","40.53","2268","HipsDaemon","45.8","False"
"2026-09-20 17:10:03.120","40.53","6380","explorer","45.8","False"
"2026-09-20 17:10:03.120","40.53","5036","launcher_main","26.6","False"
"2026-09-20 17:10:03.120","40.53","7552","chrome","24.8","False"
"2026-09-20 17:10:03.120","40.53","16592","SearchApp","24","False"
"2026-09-20 17:10:03.120","40.53","13376","TextInputHost","15.3","False"
"2026-09-20 17:10:03.120","40.53","1976","DSH Desktop","10.6","False"
"2026-09-20 17:10:03.120","40.53","13564","chrome","9.7","False"
"2026-09-20 17:10:03.120","40.53","4","System","4","False"
"2026-09-20 17:10:04.362","41.77","20584","llama-server","7217.5","False"
"2026-09-20 17:10:04.362","41.77","8292","Client-Win64-Shipping","3442.4","False"
"2026-09-20 17:10:04.362","41.77","1572","dwm","345.9","False"
"2026-09-20 17:10:04.362","41.77","12436","DSH Desktop","220.2","False"
"2026-09-20 17:10:04.362","41.77","22424","chrome","104.9","False"
"2026-09-20 17:10:04.362","41.77","22232","msedgewebview2","93","False"
"2026-09-20 17:10:04.362","41.77","1064","csrss","76.1","False"
"2026-09-20 17:10:04.362","41.77","2044","msedgewebview2","59.7","False"
"2026-09-20 17:10:04.362","41.77","14844","WindowsTerminal","55.2","False"
"2026-09-20 17:10:04.362","41.77","2268","HipsDaemon","45.8","False"
"2026-09-20 17:10:04.362","41.77","6380","explorer","45.8","False"
"2026-09-20 17:10:04.362","41.77","5036","launcher_main","26.6","False"
"2026-09-20 17:10:04.362","41.77","7552","chrome","24.8","False"
"2026-09-20 17:10:04.362","41.77","16592","SearchApp","24","False"
"2026-09-20 17:10:04.362","41.77","13376","TextInputHost","15.3","False"
"2026-09-20 17:10:04.362","41.77","1976","DSH Desktop","10.6","False"
"2026-09-20 17:10:04.362","41.77","13564","chrome","9.7","False"
"2026-09-20 17:10:04.362","41.77","4","System","4","False"
"2026-09-20 17:10:05.562","42.97","20584","llama-server","7217.5","False"
"2026-09-20 17:10:05.562","42.97","8292","Client-Win64-Shipping","3442.4","False"
"2026-09-20 17:10:05.562","42.97","1572","dwm","345.9","False"
"2026-09-20 17:10:05.562","42.97","12436","DSH Desktop","220.2","False"
"2026-09-20 17:10:05.562","42.97","22424","chrome","104.9","False"
"2026-09-20 17:10:05.562","42.97","22232","msedgewebview2","93","False"
"2026-09-20 17:10:05.562","42.97","1064","csrss","76.1","False"
"2026-09-20 17:10:05.562","42.97","2044","msedgewebview2","59.7","False"
"2026-09-20 17:10:05.562","42.97","14844","WindowsTerminal","55.2","False"
"2026-09-20 17:10:05.562","42.97","2268","HipsDaemon","45.8","False"
"2026-09-20 17:10:05.562","42.97","6380","explorer","45.8","False"
"2026-09-20 17:10:05.562","42.97","5036","launcher_main","26.6","False"
"2026-09-20 17:10:05.562","42.97","7552","chrome","24.8","False"
"2026-09-20 17:10:05.562","42.97","16592","SearchApp","24","False"
"2026-09-20 17:10:05.562","42.97","13376","TextInputHost","15.3","False"
"2026-09-20 17:10:05.562","42.97","1976","DSH Desktop","10.6","False"
"2026-09-20 17:10:05.562","42.97","13564","chrome","9.7","False"
"2026-09-20 17:10:05.562","42.97","4","System","4","False"
"2026-09-20 17:10:06.753","44.16","20584","llama-server","7217.5","False"
"2026-09-20 17:10:06.753","44.16","8292","Client-Win64-Shipping","3442.4","False"
"2026-09-20 17:10:06.753","44.16","1572","dwm","345.9","False"
"2026-09-20 17:10:06.753","44.16","12436","DSH Desktop","220.2","False"
"2026-09-20 17:10:06.753","44.16","22424","chrome","104.9","False"
"2026-09-20 17:10:06.753","44.16","22232","msedgewebview2","93","False"
"2026-09-20 17:10:06.753","44.16","1064","csrss","76.1","False"
"2026-09-20 17:10:06.753","44.16","2044","msedgewebview2","59.7","False"
"2026-09-20 17:10:06.753","44.16","14844","WindowsTerminal","55.2","False"
"2026-09-20 17:10:06.753","44.16","2268","HipsDaemon","45.8","False"
"2026-09-20 17:10:06.753","44.16","6380","explorer","45.8","False"
"2026-09-20 17:10:06.753","44.16","5036","launcher_main","26.6","False"
"2026-09-20 17:10:06.753","44.16","7552","chrome","24.8","False"
"2026-09-20 17:10:06.753","44.16","16592","SearchApp","24","False"
"2026-09-20 17:10:06.753","44.16","13376","TextInputHost","15.3","False"
"2026-09-20 17:10:06.753","44.16","1976","DSH Desktop","10.6","False"
"2026-09-20 17:10:06.753","44.16","13564","chrome","9.7","False"
"2026-09-20 17:10:06.753","44.16","4","System","4","False"
"2026-09-20 17:10:07.973","45.38","20584","llama-server","7217.5","False"
"2026-09-20 17:10:07.973","45.38","8292","Client-Win64-Shipping","3442.4","False"
"2026-09-20 17:10:07.973","45.38","1572","dwm","345.9","False"
"2026-09-20 17:10:07.973","45.38","12436","DSH Desktop","220.2","False"
"2026-09-20 17:10:07.973","45.38","22424","chrome","104.9","False"
"2026-09-20 17:10:07.973","45.38","22232","msedgewebview2","93","False"
"2026-09-20 17:10:07.973","45.38","1064","csrss","76.1","False"
"2026-09-20 17:10:07.973","45.38","2044","msedgewebview2","59.7","False"
"2026-09-20 17:10:07.973","45.38","14844","WindowsTerminal","55.2","False"
"2026-09-20 17:10:07.973","45.38","2268","HipsDaemon","45.8","False"
"2026-09-20 17:10:07.973","45.38","6380","explorer","45.8","False"
"2026-09-20 17:10:07.973","45.38","5036","launcher_main","26.6","False"
"2026-09-20 17:10:07.973","45.38","7552","chrome","24.8","False"
"2026-09-20 17:10:07.973","45.38","16592","SearchApp","24","False"
"2026-09-20 17:10:07.973","45.38","13376","TextInputHost","15.3","False"
"2026-09-20 17:10:07.973","45.38","1976","DSH Desktop","10.6","False"
"2026-09-20 17:10:07.973","45.38","13564","chrome","9.7","False"
"2026-09-20 17:10:07.973","45.38","4","System","4","False"
"2026-09-20 17:10:09.129","46.54","20584","llama-server","7217.5","False"
"2026-09-20 17:10:09.129","46.54","8292","Client-Win64-Shipping","3442.4","False"
"2026-09-20 17:10:09.129","46.54","1572","dwm","330.9","False"
"2026-09-20 17:10:09.129","46.54","12436","DSH Desktop","220.2","False"
"2026-09-20 17:10:09.129","46.54","22424","chrome","104.9","False"
"2026-09-20 17:10:09.129","46.54","22232","msedgewebview2","93","False"
"2026-09-20 17:10:09.129","46.54","1064","csrss","76.1","False"
"2026-09-20 17:10:09.129","46.54","2044","msedgewebview2","59.7","False"
"2026-09-20 17:10:09.129","46.54","14844","WindowsTerminal","55.2","False"
"2026-09-20 17:10:09.129","46.54","2268","HipsDaemon","45.8","False"
"2026-09-20 17:10:09.129","46.54","6380","explorer","45.8","False"
"2026-09-20 17:10:09.129","46.54","5036","launcher_main","26.6","False"
"2026-09-20 17:10:09.129","46.54","7552","chrome","24.8","False"
"2026-09-20 17:10:09.129","46.54","16592","SearchApp","24","False"
"2026-09-20 17:10:09.129","46.54","13376","TextInputHost","15.3","False"
"2026-09-20 17:10:09.129","46.54","1976","DSH Desktop","10.6","False"
"2026-09-20 17:10:09.129","46.54","13564","chrome","9.7","False"
"2026-09-20 17:10:09.129","46.54","4","System","4","False"
"2026-09-20 17:10:10.328","47.74","20584","llama-server","7217.5","False"
"2026-09-20 17:10:10.328","47.74","8292","Client-Win64-Shipping","3442.4","False"
"2026-09-20 17:10:10.328","47.74","1572","dwm","330.9","False"
"2026-09-20 17:10:10.328","47.74","12436","DSH Desktop","220.2","False"
"2026-09-20 17:10:10.328","47.74","22424","chrome","104.9","False"
"2026-09-20 17:10:10.328","47.74","22232","msedgewebview2","93","False"
"2026-09-20 17:10:10.328","47.74","1064","csrss","76.1","False"
"2026-09-20 17:10:10.328","47.74","2044","msedgewebview2","59.7","False"
"2026-09-20 17:10:10.328","47.74","14844","WindowsTerminal","55.2","False"
"2026-09-20 17:10:10.328","47.74","2268","HipsDaemon","45.8","False"
"2026-09-20 17:10:10.328","47.74","6380","explorer","45.8","False"
"2026-09-20 17:10:10.328","47.74","5036","launcher_main","26.6","False"
"2026-09-20 17:10:10.328","47.74","7552","chrome","24.8","False"
"2026-09-20 17:10:10.328","47.74","16592","SearchApp","24","False"
"2026-09-20 17:10:10.328","47.74","13376","TextInputHost","15.3","False"
"2026-09-20 17:10:10.328","47.74","1976","DSH Desktop","10.6","False"
"2026-09-20 17:10:10.328","47.74","13564","chrome","9.7","False"
"2026-09-20 17:10:10.328","47.74","4","System","4","False"
"2026-09-20 17:10:11.554","48.96","20584","llama-server","7217.5","False"
"2026-09-20 17:10:11.554","48.96","8292","Client-Win64-Shipping","3442.4","False"
"2026-09-20 17:10:11.554","48.96","1572","dwm","330.9","False"
"2026-09-20 17:10:11.554","48.96","12436","DSH Desktop","220.2","False"
"2026-09-20 17:10:11.554","48.96","22424","chrome","104.9","False"
"2026-09-20 17:10:11.554","48.96","22232","msedgewebview2","93","False"
"2026-09-20 17:10:11.554","48.96","1064","csrss","76.1","False"
"2026-09-20 17:10:11.554","48.96","2044","msedgewebview2","59.7","False"
"2026-09-20 17:10:11.554","48.96","14844","WindowsTerminal","55.2","False"
"2026-09-20 17:10:11.554","48.96","2268","HipsDaemon","45.8","False"
"2026-09-20 17:10:11.554","48.96","6380","explorer","45.8","False"
"2026-09-20 17:10:11.554","48.96","5036","launcher_main","26.6","False"
"2026-09-20 17:10:11.554","48.96","7552","chrome","24.8","False"
"2026-09-20 17:10:11.554","48.96","16592","SearchApp","24","False"
"2026-09-20 17:10:11.554","48.96","13376","TextInputHost","15.3","False"
"2026-09-20 17:10:11.554","48.96","1976","DSH Desktop","10.6","False"
"2026-09-20 17:10:11.554","48.96","13564","chrome","9.7","False"
"2026-09-20 17:10:11.554","48.96","4","System","4","False"
"2026-09-20 17:10:12.767","50.18","20584","llama-server","7217.5","False"
"2026-09-20 17:10:12.767","50.18","8292","Client-Win64-Shipping","3442.4","False"
"2026-09-20 17:10:12.767","50.18","1572","dwm","331.2","False"
"2026-09-20 17:10:12.767","50.18","12436","DSH Desktop","220.2","False"
"2026-09-20 17:10:12.767","50.18","22424","chrome","104.9","False"
"2026-09-20 17:10:12.767","50.18","22232","msedgewebview2","93","False"
"2026-09-20 17:10:12.767","50.18","1064","csrss","76.1","False"
"2026-09-20 17:10:12.767","50.18","2044","msedgewebview2","59.7","False"
"2026-09-20 17:10:12.767","50.18","14844","WindowsTerminal","55.2","False"
"2026-09-20 17:10:12.767","50.18","2268","HipsDaemon","45.8","False"
"2026-09-20 17:10:12.767","50.18","6380","explorer","45.8","False"
"2026-09-20 17:10:12.767","50.18","5036","launcher_main","26.6","False"
"2026-09-20 17:10:12.767","50.18","7552","chrome","24.8","False"
"2026-09-20 17:10:12.767","50.18","16592","SearchApp","24","False"
"2026-09-20 17:10:12.767","50.18","13376","TextInputHost","15.3","False"
"2026-09-20 17:10:12.767","50.18","1976","DSH Desktop","10.6","False"
"2026-09-20 17:10:12.767","50.18","13564","chrome","9.7","False"
"2026-09-20 17:10:12.767","50.18","4","System","4","False"
"2026-09-20 17:10:13.948","51.36","20584","llama-server","7217.5","False"
"2026-09-20 17:10:13.948","51.36","8292","Client-Win64-Shipping","3442.4","False"
"2026-09-20 17:10:13.948","51.36","1572","dwm","332.6","False"
"2026-09-20 17:10:13.948","51.36","12436","DSH Desktop","220.2","False"
"2026-09-20 17:10:13.948","51.36","22424","chrome","104.9","False"
"2026-09-20 17:10:13.948","51.36","22232","msedgewebview2","93","False"
"2026-09-20 17:10:13.948","51.36","1064","csrss","76.1","False"
"2026-09-20 17:10:13.948","51.36","2044","msedgewebview2","59.7","False"
"2026-09-20 17:10:13.948","51.36","14844","WindowsTerminal","55.2","False"
"2026-09-20 17:10:13.948","51.36","2268","HipsDaemon","45.8","False"
"2026-09-20 17:10:13.948","51.36","6380","explorer","45.8","False"
"2026-09-20 17:10:13.948","51.36","5036","launcher_main","26.6","False"
"2026-09-20 17:10:13.948","51.36","7552","chrome","24.8","False"
"2026-09-20 17:10:13.948","51.36","16592","SearchApp","24","False"
"2026-09-20 17:10:13.948","51.36","13376","TextInputHost","15.3","False"
"2026-09-20 17:10:13.948","51.36","1976","DSH Desktop","10.6","False"
"2026-09-20 17:10:13.948","51.36","13564","chrome","9.7","False"
"2026-09-20 17:10:13.948","51.36","4","System","4","False"
"2026-09-20 17:10:15.151","52.56","20584","llama-server","7217.5","False"
"2026-09-20 17:10:15.151","52.56","8292","Client-Win64-Shipping","3483.6","False"
"2026-09-20 17:10:15.151","52.56","1572","dwm","332.6","False"
"2026-09-20 17:10:15.151","52.56","12436","DSH Desktop","220.2","False"
"2026-09-20 17:10:15.151","52.56","22424","chrome","104.9","False"
"2026-09-20 17:10:15.151","52.56","22232","msedgewebview2","93","False"
"2026-09-20 17:10:15.151","52.56","1064","csrss","76.1","False"
"2026-09-20 17:10:15.151","52.56","2044","msedgewebview2","59.7","False"
"2026-09-20 17:10:15.151","52.56","14844","WindowsTerminal","55.2","False"
"2026-09-20 17:10:15.151","52.56","2268","HipsDaemon","45.8","False"
"2026-09-20 17:10:15.151","52.56","6380","explorer","45.8","False"
"2026-09-20 17:10:15.151","52.56","5036","launcher_main","26.6","False"
"2026-09-20 17:10:15.151","52.56","7552","chrome","24.8","False"
"2026-09-20 17:10:15.151","52.56","16592","SearchApp","24","False"
"2026-09-20 17:10:15.151","52.56","13376","TextInputHost","15.3","False"
"2026-09-20 17:10:15.151","52.56","1976","DSH Desktop","10.6","False"
"2026-09-20 17:10:15.151","52.56","13564","chrome","9.7","False"
"2026-09-20 17:10:15.151","52.56","4","System","4","False"
"2026-09-20 17:10:16.313","53.72","20584","llama-server","7217.5","False"
"2026-09-20 17:10:16.313","53.72","8292","Client-Win64-Shipping","3483.6","False"
"2026-09-20 17:10:16.313","53.72","1572","dwm","332.6","False"
"2026-09-20 17:10:16.313","53.72","12436","DSH Desktop","220.2","False"
"2026-09-20 17:10:16.313","53.72","22424","chrome","104.9","False"
"2026-09-20 17:10:16.313","53.72","22232","msedgewebview2","93","False"
"2026-09-20 17:10:16.313","53.72","1064","csrss","76.1","False"
"2026-09-20 17:10:16.313","53.72","2044","msedgewebview2","59.7","False"
"2026-09-20 17:10:16.313","53.72","14844","WindowsTerminal","55.2","False"
"2026-09-20 17:10:16.313","53.72","2268","HipsDaemon","45.8","False"
"2026-09-20 17:10:16.313","53.72","6380","explorer","45.8","False"
"2026-09-20 17:10:16.313","53.72","5036","launcher_main","26.6","False"
"2026-09-20 17:10:16.313","53.72","7552","chrome","24.8","False"
"2026-09-20 17:10:16.313","53.72","16592","SearchApp","24","False"
"2026-09-20 17:10:16.313","53.72","13376","TextInputHost","15.3","False"
"2026-09-20 17:10:16.313","53.72","1976","DSH Desktop","10.6","False"
"2026-09-20 17:10:16.313","53.72","13564","chrome","9.7","False"
"2026-09-20 17:10:16.313","53.72","4","System","4","False"
"2026-09-20 17:10:17.738","55.15","20584","llama-server","7217.5","False"
"2026-09-20 17:10:17.738","55.15","8292","Client-Win64-Shipping","3483.6","False"
"2026-09-20 17:10:17.738","55.15","1572","dwm","332.6","False"
"2026-09-20 17:10:17.738","55.15","12436","DSH Desktop","220.2","False"
"2026-09-20 17:10:17.738","55.15","22424","chrome","104.9","False"
"2026-09-20 17:10:17.738","55.15","22232","msedgewebview2","93","False"
"2026-09-20 17:10:17.738","55.15","1064","csrss","76.1","False"
"2026-09-20 17:10:17.738","55.15","2044","msedgewebview2","59.7","False"
"2026-09-20 17:10:17.738","55.15","14844","WindowsTerminal","55.2","False"
"2026-09-20 17:10:17.738","55.15","2268","HipsDaemon","45.8","False"
"2026-09-20 17:10:17.738","55.15","6380","explorer","45.8","False"
"2026-09-20 17:10:17.738","55.15","5036","launcher_main","26.6","False"
"2026-09-20 17:10:17.738","55.15","7552","chrome","24.8","False"
"2026-09-20 17:10:17.738","55.15","16592","SearchApp","24","False"
"2026-09-20 17:10:17.738","55.15","13376","TextInputHost","15.3","False"
"2026-09-20 17:10:17.738","55.15","1976","DSH Desktop","10.6","False"
"2026-09-20 17:10:17.738","55.15","13564","chrome","9.7","False"
"2026-09-20 17:10:17.738","55.15","4","System","4","False"
"2026-09-20 17:10:19.084","56.49","20584","llama-server","7217.5","False"
"2026-09-20 17:10:19.084","56.49","8292","Client-Win64-Shipping","3483.7","False"
"2026-09-20 17:10:19.084","56.49","1572","dwm","332.6","False"
"2026-09-20 17:10:19.084","56.49","12436","DSH Desktop","220.2","False"
"2026-09-20 17:10:19.084","56.49","22424","chrome","104.9","False"
"2026-09-20 17:10:19.084","56.49","22232","msedgewebview2","93","False"
"2026-09-20 17:10:19.084","56.49","1064","csrss","76.1","False"
"2026-09-20 17:10:19.084","56.49","2044","msedgewebview2","59.7","False"
"2026-09-20 17:10:19.084","56.49","14844","WindowsTerminal","55.2","False"
"2026-09-20 17:10:19.084","56.49","2268","HipsDaemon","45.8","False"
"2026-09-20 17:10:19.084","56.49","6380","explorer","45.8","False"
"2026-09-20 17:10:19.084","56.49","5036","launcher_main","26.6","False"
"2026-09-20 17:10:19.084","56.49","7552","chrome","24.8","False"
"2026-09-20 17:10:19.084","56.49","16592","SearchApp","24","False"
"2026-09-20 17:10:19.084","56.49","13376","TextInputHost","15.3","False"
"2026-09-20 17:10:19.084","56.49","1976","DSH Desktop","10.6","False"
"2026-09-20 17:10:19.084","56.49","13564","chrome","9.7","False"
"2026-09-20 17:10:19.084","56.49","4","System","4","False"
"2026-09-20 17:10:20.506","57.91","20584","llama-server","7217.5","False"
"2026-09-20 17:10:20.506","57.91","8292","Client-Win64-Shipping","3483.7","False"
"2026-09-20 17:10:20.506","57.91","1572","dwm","332.6","False"
"2026-09-20 17:10:20.506","57.91","12436","DSH Desktop","220.2","False"
"2026-09-20 17:10:20.506","57.91","22424","chrome","104.9","False"
"2026-09-20 17:10:20.506","57.91","22232","msedgewebview2","93","False"
"2026-09-20 17:10:20.506","57.91","1064","csrss","76.1","False"
"2026-09-20 17:10:20.506","57.91","2044","msedgewebview2","59.7","False"
"2026-09-20 17:10:20.506","57.91","14844","WindowsTerminal","55.2","False"
"2026-09-20 17:10:20.506","57.91","2268","HipsDaemon","45.8","False"
"2026-09-20 17:10:20.506","57.91","6380","explorer","45.8","False"
"2026-09-20 17:10:20.506","57.91","5036","launcher_main","26.6","False"
"2026-09-20 17:10:20.506","57.91","7552","chrome","24.8","False"
"2026-09-20 17:10:20.506","57.91","16592","SearchApp","24","False"
"2026-09-20 17:10:20.506","57.91","13376","TextInputHost","15.3","False"
"2026-09-20 17:10:20.506","57.91","1976","DSH Desktop","10.6","False"
"2026-09-20 17:10:20.506","57.91","13564","chrome","9.7","False"
"2026-09-20 17:10:20.506","57.91","4","System","4","False"
"2026-09-20 17:10:21.675","59.08","20584","llama-server","7217.5","False"
"2026-09-20 17:10:21.675","59.08","8292","Client-Win64-Shipping","3483.7","False"
"2026-09-20 17:10:21.675","59.08","1572","dwm","332.6","False"
"2026-09-20 17:10:21.675","59.08","12436","DSH Desktop","220.2","False"
"2026-09-20 17:10:21.675","59.08","22424","chrome","104.9","False"
"2026-09-20 17:10:21.675","59.08","22232","msedgewebview2","93","False"
"2026-09-20 17:10:21.675","59.08","1064","csrss","76.1","False"
"2026-09-20 17:10:21.675","59.08","2044","msedgewebview2","59.7","False"
"2026-09-20 17:10:21.675","59.08","14844","WindowsTerminal","55.2","False"
"2026-09-20 17:10:21.675","59.08","2268","HipsDaemon","45.8","False"
"2026-09-20 17:10:21.675","59.08","6380","explorer","45.8","False"
"2026-09-20 17:10:21.675","59.08","5036","launcher_main","26.6","False"
"2026-09-20 17:10:21.675","59.08","7552","chrome","24.8","False"
"2026-09-20 17:10:21.675","59.08","16592","SearchApp","24","False"
"2026-09-20 17:10:21.675","59.08","13376","TextInputHost","15.3","False"
"2026-09-20 17:10:21.675","59.08","1976","DSH Desktop","10.6","False"
"2026-09-20 17:10:21.675","59.08","13564","chrome","9.7","False"
"2026-09-20 17:10:21.675","59.08","4","System","4","False"
